{
  "experiment": "Code A/B local CPU",
  "model": "Qwen/Qwen2.5-0.5B-Instruct",
  "max_steps": 50,
  "baseline": {
    "loss": 1.848,
    "time": 1616.3285882472992
  },
  "triangulated": {
    "loss": 1.8137,
    "time": 1327.7913727760315
  }
}